﻿<?xml version="1.0" encoding="UTF-8"?>
<tcmediainfo>
	<options>
		<Formats>AVI,DIVX,MPEG,MPE,MPA,DAT,MPG,ASF,VOB,MKV,OGM,M2TS,TS,MTS,MOV,WMV,MP4,3GP,WEBM,MP1,MP2,MP3,M4A,M4V,AVC,FLV,WAV,AIFF,OGG,WMA,QT,AC3,DTS,AU,D2V,RA,RM,APE,FLAC,MKA,DTSHD,DTSMA,AC3HD,EAC3,OPUS</Formats>
		<MultiSeparator> / </MultiSeparator>
		<BasePath>base.db</BasePath>
		<MemoryBase>False</MemoryBase>
		<UseBase>True</UseBase>
		<SqlitePath>Sqlite3.dll</SqlitePath>
		<Sqlite64Path>Sqlite3_x64.dll</Sqlite64Path>
		<MediaInfoPath>MediaInfo.dll</MediaInfoPath>
		<MediaInfo64Path>MediaInfo_x64.dll</MediaInfo64Path>
		<MissedField>&lt;empty&gt;</MissedField>
		<DataAutoUpdate>False</DataAutoUpdate>
		<Language></Language>
		<DebugMode>0</DebugMode>
	</options>
	<sources>
		<!-- General -->
		<source name="Duration" field="Duration"/>
		<source name="OverallBitRate" field="OverallBitRate"/>
		<source name="GeneralFormat" field="Format"/>
		<source name="EncDate" field="Encoded_Date"/>
		<source name="RecDate" field="Recorded_Date"/>
		<source name="RelDate" field="Released_Date"/>
		<source name="VideoStreamCount" field="VideoCount"/>
		<source name="AudioStreamCount" field="AudioCount"/>
		<source name="TextStreamCount" field="TextCount"/>
		<source name="MenuStreamCount" field="MenuCount"/>
		<source name="GeneralEncodedLibrary" field="Encoded_Library"/>
		<source name="AudioLanguageList" field="Audio_Language_List"/>
		<source name="TextLanguageList" field="Text_Language_List"/>
		<!-- Tag info -->
		<source name="Title" field="Title" process="fix_cp"/>
		<source name="Album" field="Album" process="fix_cp"/>
		<source name="Performer" field="Performer" process="fix_cp"/>
		<source name="Copyright" field="Copyright" process="fix_cp"/>
		<source name="Comment" field="Comment" process="fix_cp"/>
		<source name="Composer" field="Composer" process="fix_cp"/>
		<source name="Genre" field="Genre"/>
		<source name="TrackNumber" field="Track/Position"/>
		<source name="Medium" field="OriginalSourceMedium"/>
		<source name="Source" field="OriginalSourceForm"/>
		<source name="EncodedWith" field="Encoded_Application"/>
		<source name="ContentType" field="ContentType"/>
		<source name="Collection" field="Collection"/>
		<source name="Season" field="Season"/>
		<source name="Part" field="Part"/>
		<source name="LongDescription" field="LongDescription"/>
		<!-- Video -->
		<source name="VideoFormat" field="Format" context="Video"/>
		<source name="VideoBr" field="BitRate" context="Video"/>
		<source name="VideoCodecID" field="CodecID" context="Video"/>
		<source name="VideoFrameWidth" field="Width" context="Video"/>
		<source name="VideoFrameHeight" field="Height" context="Video"/>
		<source name="VideoFPS" field="FrameRate" context="Video"/>
		<source name="VideoFrameCount" field="FrameCount" context="Video"/>
		<source name="VideoScanType" field="ScanType" context="Video"/>
		<source name="VideoDisplayAR" field="DisplayAspectRatio" context="Video"/>
		<source name="VideoDisplayARStr" field="DisplayAspectRatio/String" context="Video"/>
		<source name="VideoPixelAR" field="PixelAspectRatio" context="Video"/>
		<source name="VideoBitsPixel" field="Bits-(Pixel*Frame)" context="Video"/>
		<source name="VideoRotation" field="Rotation" context="Video"/>
		<source name="VideoEncodedLibrary" field="Encoded_Library" context="Video"/>
		<!-- Audio -->
		<source name="AudioLangCode" field="Language" context="Audio" stream="*"/>
		<source name="AudioFormat" field="Format" context="Audio"/>
		<source name="AudioBr" field="BitRate" context="Audio"/>
		<source name="AudioCodecID" field="CodecID" context="Audio"/>
		<source name="AudioBrMode" field="BitRate_Mode" context="Audio"/>
		<source name="AudioSamplingRate" field="SamplingRate" context="Audio"/>
		<source name="AudioChannels" field="Channel(s)" context="Audio"/>
		<source name="AudioResolution" field="BitDepth" context="Audio"/>
		<!-- <source name="AudioFormatSettings" field="Format_Settings" context="Audio"/> -->
		<source name="AudioFormatSettingsMode" field="Format_Settings_Mode" context="Audio"/>
		<source name="AudioFormatSettingsModeExt" field="Format_Settings_ModeExtension" context="Audio"/>
		<source name="AudioCompressionMode" field="Compression_Mode" context="Audio"/>
		<source name="AudioEncodedLibrary" field="Encoded_Library" context="Audio"/>
		<!-- Text -->
		<source name="TextLangCode" field="Language" context="Text" stream="*"/>
		<source name="TextFormat" field="Format" context="Text"/>
	</sources>
	<columns>
		<!-- General -->
		<column name="Duration">
			<unit name="hh:mm:ss" type="script">Output:=TimingFormat('%hh:%mm:%ss', Duration);</unit>
			<unit name="hh:mm:ss.fff" type="script">Output:=TimingFormat('%hh:%mm:%ss.%fff', Duration);</unit>
			<unit name="s" type="script">Output:=Trunc(Duration/1000);</unit>
			<unit name="z">Duration</unit>
			<unit name="Custom" type="script">
			<![CDATA[
				// this is an example of using scripts in columns
				Output:='';
				if Not StrIsNumber(Duration) then Exit;
				nDur := Number(Duration);
				Hour:=Trunc(nDur/3600000);
				Min:=Trunc((nDur-Hour*3600000)/60000);
				Sec:=Trunc((nDur-Hour*3600000-Min*60000)/1000);
				if (Hour <> 0) then Output:=String(Hour)+' hr ';
				if  (Min <> 0) then Output:=Output+String(Min) +' min ';
				if  (Sec <> 0) then Output:=Output+String(Sec) +' sec ';
			]]>
			</unit>
		</column>
		<column name="Format">GeneralFormat</column>
		<column name="Bitrate" coltype="ft_numeric_floating">
			<unit name="Bps">OverallBitRate</unit>
			<unit name="KBps" type="script">Output:=Format('%f', OverallBitRate/1000);</unit>
			<unit name="MBps" type="script">Output:=Format('%f', OverallBitRate/1000000);</unit>
		</column>
		<column name="Recorded Date" coltype="ft_datetime">RecDate</column>
		<column name="Encoded Date" coltype="ft_datetime">EncDate</column>
		<column name="Released Date" coltype="ft_datetime">RelDate</column>
		<column name="Stream Count" coltype="ft_numeric_32">
			<unit name="All streams" type="script">Output:=VideoStreamCount + AudioStreamCount + TextStreamCount + MenuStreamCount;</unit>
			<unit name="Video only">VideoStreamCount</unit>
			<unit name="Audio only">AudioStreamCount</unit>
			<unit name="Subtitles only">TextStreamCount</unit>
			<unit name="Menu only">MenuStreamCount</unit>
		</column>
		<column name="Encoded Library">
			<unit name="General">GeneralEncodedLibrary</unit>
			<unit name="Video">VideoEncodedLibrary</unit>
			<unit name="Audio">AudioEncodedLibrary</unit>
		</column>
		<separator/>
		<!-- Tag info -->
		<column name="Title">Title</column>
		<column name="Album">Album</column>
		<column name="Performer">Performer</column>
		<column name="Copyright">Copyright</column>
		<column name="Comment" type="script">if (StrTrim(Comment) = '') then Output:=LongDescription;</column>
		<column name="Composer">Composer</column>
		<column name="Genre">Genre</column>
		<column name="Track Number" coltype="ft_numeric_32">TrackNumber</column>
		<column name="Medium">Medium</column>
		<column name="Source">Source</column>
		<column name="Encoded With">EncodedWith</column>
		<column name="Content Type">ContentType</column>
		<column name="Collection">Collection</column>
		<column name="Season" coltype="ft_numeric_32">Season</column>
		<column name="Part" coltype="ft_numeric_32">Part</column>
		<separator/>
		<!-- Video -->
		<column name="Video Format">VideoFormat</column>
		<column name="Video Codec">VideoCodecID</column> <!-- For AVI this field return FOURCC -->
		<column name="Video Bitrate" coltype="ft_numeric_floating">
			<unit name="Bps">VideoBr</unit>
			<unit name="KBps" type="script">Output:=Format('%f', VideoBr/1000);</unit>
			<unit name="MBps" type="script">Output:=Format('%f', VideoBr/1000000);</unit>
		</column>
		<column name="Frame Size" type="script">
		<![CDATA[
			if (VideoFrameWidth = '') and (VideoFrameHeight = '') then
				Output:=''
			else
				Output:=VideoFrameWidth+' x '+VideoFrameHeight;
		]]>
		</column>
		<column name="Frame Rate" coltype="ft_numeric_floating">VideoFPS</column>
		<column name="Frame Count" coltype="ft_numeric_32">VideoFrameCount</column>
		<column name="Scan Type" type="script">Output:=GetLang(VideoScanType);</column>
		<column name="Aspect Ratio">
			<unit name="Proportion">VideoDisplayARStr</unit>
			<unit name="Numeric">VideoDisplayAR</unit>
		</column>
		<column name="Pixel Aspect Ratio" coltype="ft_numeric_floating">VideoPixelAR</column>

		<column name="Orientation" type="script">
		<![CDATA[
			if VideoDisplayAR <> '' then
			begin
				case VideoDisplayAR of
					'0'..'0.999': Output:=GetLang('Portrait');
					'1':          Output:=GetLang('Square');
					else          Output:=GetLang('Landscape');
				end;
			end;
		]]>
		</column>
		<column name="Bits/Pixel" coltype="ft_numeric_floating">VideoBitsPixel</column>
		<column name="Rotation">VideoRotation</column>
		<column name="All video as string" type="script">
		<![CDATA[
			uses 'Common';
			Output:='';
			VB:=FormatBitrate(VideoBr);
			if (VideoFrameWidth = '') and (VideoFrameHeight = '') then
				VF:=''
			else
				VF:=VideoFrameWidth+'x'+VideoFrameHeight;
			if (VideoFormat <> '') then Output:=Output+VideoFormat;
			if (VB <> '') then Output:=Output+', '+VB;
			if (VF <> '') then Output:=Output+', '+VF;
			if (VideoFPS <> '') then Output:=Output+', '+VideoFPS+' '+GetLang('fps');
		]]>
		</column>
		<separator/>
		<!-- Audio -->
		<column name="Audio Language Code">AudioLangCode</column>
		<column name="Audio Format">AudioFormat</column>
		<column name="Audio Format Mode">AudioFormatSettingsMode</column>
		<column name="Audio Format Mode Extension">AudioFormatSettingsModeExt</column>
		<column name="Audio Bitrate" coltype="ft_numeric_floating">
			<unit name="Bps">AudioBr</unit>
			<unit name="KBps" type="script"><![CDATA[if (AudioBr <> '') then Output:=Format('%f', AudioBr/1000);]]></unit>
		</column>
		<column name="Bitrate Mode">AudioBrMode</column>
		<column name="Sampling Rate" coltype="ft_numeric_32">AudioSamplingRate</column>
		<column name="Channels" coltype="ft_numeric_32">AudioChannels</column>
		<column name="Resolution" coltype="ft_numeric_32">AudioResolution</column>
		<column name="Compression Mode">AudioCompressionMode</column>
		<column name="Audio Language">
			<unit name="All">AudioLanguageList</unit>
			<unit name="1" type="script">Output:=StrPart(AudioLanguageList, ' / ', 1);</unit>
			<unit name="2" type="script">Output:=StrPart(AudioLanguageList, ' / ', 2);</unit>
			<unit name="3" type="script">Output:=StrPart(AudioLanguageList, ' / ', 3);</unit>
			<unit name="4" type="script">Output:=StrPart(AudioLanguageList, ' / ', 4);</unit>
			<unit name="5" type="script">Output:=StrPart(AudioLanguageList, ' / ', 5);</unit>
		</column>
		<column name="All audio as string" type="script">
		<![CDATA[
			uses 'Common';
			Output:='';
			if (AudioBrMode <> '') then
			begin
				Output:=AudioBrMode;
				if (AudioBr <> '') then Output:=Output+'@'+Format('%d %s', Trunc(AudioBr/1000), GetLang('kbps'));
			end
			else
			if (AudioBr <> '') then Output:=Format('%d kbps', Trunc(AudioBr/1000));
			if (AudioSamplingRate <> '') then Output:=Output+', '+AudioSamplingRate+' '+GetLang('Hz');
			if (AudioResolution <> '') then Output:=Output+', '+AudioResolution+' '+GetLang('bit');
			if (AudioFormatSettingsMode <> '') then
			begin
				Output:=Output+', '+AudioFormatSettingsMode;
				if (AudioFormatSettingsModeExt <> '') then Output:=Output+' / '+AudioFormatSettingsModeExt;
			end;
			if (AudioChannels <> '') then Output:=Output+', '+FormatChannels(AudioChannels);
		]]>
		</column>
		<separator/>
		<!-- Subtitles -->
		<!-- <column name="Subtitles">TextLanguage</column> -->
		<column name="Subtitles Format">TextFormat</column>
		<column name="Subtitle Language">
			<unit name="All">TextLanguageList</unit>
			<unit name="1" type="script">Output:=StrPart(TextLanguageList, ' / ', 1);</unit>
			<unit name="2" type="script">Output:=StrPart(TextLanguageList, ' / ', 2);</unit>
			<unit name="3" type="script">Output:=StrPart(TextLanguageList, ' / ', 3);</unit>
			<unit name="4" type="script">Output:=StrPart(TextLanguageList, ' / ', 4);</unit>
			<unit name="5" type="script">Output:=StrPart(TextLanguageList, ' / ', 5);</unit>
		</column>
		<separator/>
		<!-- Almost demo purpose, retrieve custom values from lists -->
		<column name="Video codec custom" type="list" list="VideoCodecs">VideoCodecID</column>
		<column name="Audio codec custom" type="script">Output:=GetListValue('AudioCodecs', Format('%4.4d', AudioCodecID), AudioCodecID);</column>
	</columns>
	<lists>
		<list name="VideoCodecs" type="ini" file="Codecs.cfg" section="VIDEO"/>
		<list name="AudioCodecs" type="ini" file="Codecs.cfg" section="AUDIO"/>
		<list name="MainList">
			<line name="VBR">Variable</line>
			<line name="CBR">Constant</line>
		</list>
	</lists>
	<listeroptions>
		<options>
			<DefaultViewMode>Default</DefaultViewMode>
			<AutoViewMode>False</AutoViewMode>
		</options>
		<display>
			<HeaderFont name="Courier New" size="17" style="1"/>
			<Header2Font name="Courier New" size="15" style="1"/>
			<FieldFont name="Courier New" size="13" style="1"/>
			<InfoFont name="Courier New" size="13" style="0"/>

			<HeaderTextColor></HeaderTextColor>
			<Header2TextColor></Header2TextColor>
			<FieldTextColor></FieldTextColor>
			<InfoTextColor></InfoTextColor>

			<HeaderBackColor></HeaderBackColor>
			<Header2BackColor></Header2BackColor>
			<LineBackColor></LineBackColor>
			<LineBackColorSecond>$F5F5F5</LineBackColorSecond>

			<BackColor></BackColor>
			<CoverLineBackColor></CoverLineBackColor>

			<HighlightTextColor></HighlightTextColor>
			<HighlightBackColor></HighlightBackColor>
			<HighlightCoverBackColor></HighlightCoverBackColor>

			<HeaderHeight>0</HeaderHeight>
			<Header2Height>0</Header2Height>
			<LineHeight>0</LineHeight>
			<CoverLineHeight>0</CoverLineHeight>

			<HeaderLeftMargin>5</HeaderLeftMargin>
			<Header2LeftMargin>5</Header2LeftMargin>
			<FieldLeftMargin>5</FieldLeftMargin>
			<InfoLeftMargin>300</InfoLeftMargin>
		</display>
		<views>
			<view name="Default">
			<![CDATA[
				// load library with some common functions (FormatBitrate etc.)
				uses 'Common';

				// define field ID's that will be always skipped
				SkipCommon :='Inform,Count,Size,StreamCount,StreamKind,StreamKindPos,Format_Commercial,StreamSize_Proportion,ServiceKind,';

				SkipGeneral:= SkipCommon+
							  'Cover_Data,AudioCount,VideoCount,MenuCount,TextCount,OtherCount,ImageCount,'+
							  'Video_Codec_List,Video_Format_List,Video_Format_WithHint_List,Video_Language_List,'+
							  'Audio_Codec_List,Audio_Format_List,Audio_Format_WithHint_List,'+
							  'Text_Codec_List,Text_Format_List,Text_Format_WithHint_List,'+
							  'FolderName,FileName,FileNameExtension,FileExtension,'+
							  'File_Created_Date,File_Created_Date_Local,File_Modified_Date,File_Modified_Date_Local,';

				SkipColors := 'colour_description_present_Source,colour_description_present_Original,colour_description_present_Original_Source,'+
							  'colour_range_Source,colour_range_Original,colour_range_Original_Source,'+
							  'colour_primaries_Source,colour_primaries_Original,colour_primaries_Original_Source,'+
							  'transfer_characteristics_Source,transfer_characteristics_Original,transfer_characteristics_Original_Source,'+
							  'matrix_coefficients_Source,matrix_coefficients_Original,matrix_coefficients_Original_Source,'+
							  'MasteringDisplay_ColorPrimaries_Source,MasteringDisplay_ColorPrimaries_Original,MasteringDisplay_ColorPrimaries_Original_Source,'+
							  'MasteringDisplay_Luminance_Source,MasteringDisplay_Luminance_Original,MasteringDisplay_Luminance_Original_Source,'+
							  'MaxCLL_Source,MaxCLL_Original,MaxCLL_Original_Source,'+
							  'MaxFALL_Source,MaxFALL_Original,MaxFALL_Original_Source,';

				SkipVideo  := SkipCommon+
							  'FrameRate_Num,FrameRate_Den,' + SkipColors:;

				SkipAFilt  := 'dialnorm,acmod,lfeon,dialnorm_Average,dialnorm_Minimum,dialnorm_Maximum,dialnorm_Count,'+
							  'compr_Average,compr_Minimum,compr_Maximum,compr_Count,dynrng_Average,dynrng_Minimum,dynrng_Maximum,dynrng_Count,';

				SkipAudio  := SkipCommon+
							  'Format_Settings_Mode,Format_Settings_ModeExtension,SamplesPerFrame,SamplingCount,FrameCount,Video_Delay,'+
							  SkipAFilt;

				SkipText   := SkipCommon;
				SkipMenu   := SkipCommon;
				SkipImage  := SkipCommon;
				SkipOther  := SkipCommon;


				// some fields are kind of "self-units"
				// for this fields will translate value itself instead adding unit
				Translate  := 'Cover,IsStreamable,Default,Forced,Format_Settings_CABAC,Delay_Source,ScanType,colour_range,colour_description_present,Compression_Mode';

				// fix fields that can be corrupted (refer to help)
//				FixCodepage('Title', 'Performer', 'Album', 'Track');
				// adding cover
				if Get('Cover') <> '' then LineAddCover('', 5, 5);

				// adding header
				LineAddHeader(GetLang('General'));
				for i:=0 to GetCount('General', 0)-1 do
				begin
					// get field ID by index
					id:=GetID(i, 'General', 0);
					// skip formatted values (Value/String etc)
					if StrPos(id, '/') > 0 then Continue;
					// skip values that we defined for skipping
					if StrPos(SkipGeneral, id+',') > 0 then Continue;
					// get field value
					v:=Get(i, 'General', 0);
					// skip empty values
					if (v = '') then Continue;

					// big case of ID's that need special handling
					case id of
						'UniqueID','StreamKindID':
							Continue;
						'Duration':
							v:=TimingFormat('%hh:%mm:%ss', v);
						'OverallBitRate':
							v:=FormatBitrate(v);
						'StreamSize':
							v:=FormatStreamSizeProportion(v, Get('StreamSize_Proportion', 'General'));
						'FileSize':
							v:=FormatSize(v);
						else
						begin
							// some fields are "self-translated", translate them
							// they are can have units, but those units are unacceptible
							// since always have the same value
							if StrPos(Translate, id) > 0 then
								v:=GetLang(v)
							else
							begin
								// else get unit for field's value
								u:=GetUnit(i, 'General', 0);
								if u <> '' then v:=v+' '+u;
							end;
						end;
					end;
					// finally, adding data to output
					LineAddText(GetFieldName(id, 'General'), v);
				end;

				// get the count of all streams in this context
				Count:=GetCount('Video');
				if (count > 0) then
				begin
					// loop through streams
					for c:=0 to Count-1 do
					begin
						// if sream is only one, don't add the number
						if (count > 1) then
							LineAddHeader(GetLang('Video')+' '+GetLang('NumberSign','#')+String(c))
						else
							LineAddHeader(GetLang('Video'));

						// loop through all fields for stream 'c'
						for i:=0 to GetCount('Video', c)-1 do
						begin
							id:=GetID(i, 'Video', c);
							if StrPos(id, '/') > 0 then Continue;
							if StrPos(SkipVideo, id+',') > 0 then Continue;
							v:=Get(i, 'Video', c);
							if (v = '') then Continue;
							case id of
								'UniqueID','StreamKindID':
									Continue;
								'Language':
									v:=GetLang(Get('Language/String', 'Video', c), v);
								'Width','Height','Sampled_Width','Sampled_Height','Stored_Width','Stored_Height':
									v:=v + GetLangDecl(v, 'pixel');
								'Duration':
									v:=TimingFormat('%hh:%mm:%ss', v);
								'BitRate','BitRate_Minimum':
									v:=FormatBitrate(v);
								'StreamSize':
									v:=FormatStreamSizeProportion(v, Get('StreamSize_Proportion', 'Video', c));
								'DisplayAspectRatio':
									v:=Get('DisplayAspectRatio', 'Video', c) + ' (' + Get('DisplayAspectRatio/String', 'Video', c) + ')';
								'FrameRate':
								begin
									fn:=Get('FrameRate_Num', 'Video', c);
									fd:=Get('FrameRate_Den', 'Video', c);
									if (fn <> '') then v:=v+StrFormat(' (%s/%s)', fn, fd);
									v:=v+' '+GetUnit('FrameRate','Video', c);
								end;
								'Encoded_Library_Settings'):
								begin
									FormatLibrarySettings(v, 8);
									Continue;
								end;
								else
								begin
									if StrPos(Translate, id) > 0 then
										v:=GetLang(v)
									else
									begin
										u:=GetUnit(i, 'Video', c);
										if u <> '' then v:=v+' '+u;
									end;
								end;
							end;

							LineAddText(GetFieldName(id, 'Video'), v);
						end;
					end;
				end;


				Count:=GetCount('Audio');
				if (count > 0) then
				begin
					for c:=0 to Count-1 do
					begin
						if (count > 1) then
							LineAddHeader(GetLang('Audio')+' '+GetLang('NumberSign','#')+String(c))
						else
							LineAddHeader(GetLang('Audio'));
						for i:=0 to GetCount('Audio', c)-1 do
						begin
							id:=GetID(i, 'Audio', c);
							if StrPos(id, '/') > 0 then Continue;
							if StrPos(SkipAudio, id+',') > 0 then Continue;
							v:=Get(i, 'Audio', c);
							if (v = '') then Continue;

							case id of
								'UniqueID','StreamKindID','bsid':
									Continue;
								'Language':
									v:=GetLang(Get('Language/String', 'Audio', c), v);
								'Channel(s)':
									v:=v + GetLangDecl(v, 'channel');
								'Duration':
									v:=TimingFormat('%hh:%mm:%ss', v);
								'BitRate','BitRate_Minimum':
									v:=FormatAudioBitrate(v);
								'StreamSize':
									v:=FormatStreamSizeProportion(v, Get('StreamSize_Proportion', 'Audio', c));
								else
								begin
									if StrPos(Translate, id) > 0 then
										v:=GetLang(v)
									else
									begin
										u:=GetUnit(i, 'Audio', c);
										if u <> '' then v:=v+' '+u;
									end;
								end;
							end;

							LineAddText(GetFieldName(id, 'Audio'), v);
						end;
					end;
				end;

				Count:=GetCount('Text');
				if (count > 0) then
				begin
					for c:=0 to Count-1 do
					begin
						if (count > 1) then
							LineAddHeader(GetLang('Text')+' '+GetLang('NumberSign','#')+String(c))
						else
							LineAddHeader(GetLang('Text'));

						for i:=0 to GetCount('Text', c)-1 do
						begin
							id:=GetID(i, 'Text', c);
							if StrPos(id, '/') > 0 then Continue;
							if StrPos(SkipText, id+',') > 0 then Continue;
							v:=Get(i, 'Text', c);
							if (v = '') then Continue;

							case id of
								'UniqueID','StreamKindID':
									Continue;
								'Language':
									v:=GetLang(Get('Language/String', 'Text', c), v);
								'Duration':
									v:=TimingFormat('%hh:%mm:%ss', v);
								'BitRate':
									v:=FormatBitrate(v);
								'StreamSize':
									v:=FormatStreamSizeProportion(v, Get('StreamSize_Proportion', 'Text', c));
								else
								begin
									if StrPos(Translate, id) > 0 then
										v:=GetLang(v)
									else
									begin
										u:=GetUnit(i, 'Text', c);
										if u <> '' then v:=v+' '+u;
									end;
								end;
							end;

							LineAddText(GetFieldName(id, 'Text'), v);
						end;
					end;
				end;


				Count:=GetCount('Menu');
				if Count > 0 then
				begin
					for c:=0 to Count-1 do
					begin
						// check if this Menu stream is actually chapters and handle it in special way
						nBegin:=Get('Chapters_Pos_Begin', 'Menu', c);
						if nBegin <> '' then // stream is chapters
						begin
							nEnd := Get('Chapters_Pos_End', 'Menu', c);
							LineAddHeader(GetLang('Chapters'));
							for j := nBegin to nEnd - 1 do
							begin
								chap:=StrTrim(Get(j, 'Menu', c));
								nPos := StrPos(chap, ':');
								if nPos > 0 then
								begin
									lng:=StrLeft(chap, nPos-1);
									if not StrIsNumber(lng) then
									begin
										lng:='['+lng+']';
										chap:=lng + StrMid(chap, nPos + 1);
									end;
								end;
								LineAddText(GetID(j, 'Menu', c), chap);
							end;
						end
						else
						begin
							if (count > 1) then
								LineAddHeader(GetLang('Menu')+' '+GetLang('NumberSign','#')+String(c))
							else
								LineAddHeader(GetLang('Menu'));

							for i:=0 to GetCount('Menu', c)-1 do
							begin
								id:=GetID(i, 'Menu', c);
								if StrPos(id, '/') > 0 then Continue;
								if StrPos(SkipMenu, id+',') > 0 then Continue;
								v:=Get(i, 'Menu', c);
								if (v = '') then Continue;

								if StrPos(Translate, id) > 0 then
									v:=GetLang(v)
								else
								begin
									u:=GetUnit(i, 'Menu', c);
									if u <> '' then v:=v+' '+u;
								end;
								LineAddText(GetFieldName(id, 'Menu'), v);
							end;
						end;
					end;
				end;


				Count:=GetCount('Image');
				if (count > 0) then
				begin
					for c:=0 to Count-1 do
					begin
						if (count > 1) then
							LineAddHeader(GetLang('Image')+' '+GetLang('NumberSign','#')+String(c))
						else
							LineAddHeader(GetLang('Image'));
						for i:=0 to GetCount('Image', c)-1 do
						begin
							id:=GetID(i, 'Image', c);
							if StrPos(id, '/') > 0 then Continue;
							if StrPos(SkipImage, id+',') > 0 then Continue;
							v:=Get(i, 'Image', c);
							if (v = '') then Continue;
							if (id = 'StreamSize') then v:=FormatStreamSizeProportion(v, Get('StreamSize_Proportion', 'Image', c));
							if StrPos(Translate, id) > 0 then
								v:=GetLang(v)
							else
							begin
								u:=GetUnit(i, 'Image', c);
								if u <> '' then v:=v+' '+u;
							end;
							LineAddText(GetFieldName(id, 'Image'), v);
						end;
					end;
				end;


				Count:=GetCount('Other');
				if (count > 0) then
				begin
					for c:=0 to Count-1 do
					begin
						if (count > 1) then
							LineAddHeader(GetLang('Other')+' '+GetLang('NumberSign','#')+String(c));
						else
							LineAddHeader(GetLang('Other'));
						for i:=0 to GetCount('Other', 0)-1 do
						begin
							id:=GetID(i, 'Other', c);
							if StrPos(id, '/') > 0 then Continue;
							if StrPos(SkipOther, id+',') > 0 then Continue;
							v:=Get(i, 'Other', c);
							if (v = '') then Continue;
							if (id = 'StreamSize') then v:=FormatStreamSizeProportion(v, Get('StreamSize_Proportion', 'Other', c));
							if StrPos(Translate, id) > 0 then
								v:=GetLang(v)
							else
							begin
								u:=GetUnit(i, 'Other', c);
								if u <> '' then v:=v+' '+u;
							end;
							LineAddText(GetFieldName(id, 'Other'), v);
						end;
					end;
				end;

				function GetFieldName(id,context);
				begin
					Result:=GetName(id, context);
					if (Result = '') then Result:=id;
				end;

				function FormatStreamSizeProportion(v, prop);
				begin
					if StrIsNumber(prop) then
						Result:=StrFormat('%s (%d%)', FormatSize(v), Round(Number(prop)* 100))
					else
						Result:=FormatSize(v);
				end;

				// split VERY long settings string to multiple lines
				procedure FormatLibrarySettings(v, split);
				begin
					cnt:=0; line:=''; start:=1; endpos:=1;
					name:=GetLang('Encoded_Library_Settings');
					while endpos > 0 do
					begin
						cnt:=cnt+1;
						endpos:=StrPos(v, '/', 0, start);
						if endpos > 0 then
						begin
							line:=line+StrTrim(StrMid(v, start, endpos-start-1))+', ';
							start:=endpos+1;
						end
						else
						begin
							line:=line+StrTrim(StrMid(v, start));
							break;
						end;

						if cnt = split then
						begin
							LineAddText(name, line);
							name:=''; line:='';	cnt:=0;
						end;
					end;

					LineAddText(name, line);
				end;
			]]>
			</view>
			<view name="Audio (compact)" extensions="MP1,MP2,MP3,M4A,WAV,AIFF,OGG,WMA,AC3,DTS,AU,RA,APE,FLAC,MKA,MPA">
			<![CDATA[
				uses 'Common';

				FixCodepage('Performer', 'Album', 'Track');
				if Get('Cover') <> '' then LineAddCover('', 5, 5);

				LineAddHeader(GetName('General'));
				AddCheck('Performer', 'General');
				AddCheck('Album', 'General');
				AddCheck('Track', 'General');
				AddCheck('Genre', 'General');
				AddCheck('Recorded_Date', 'General');

				LineAddText(GetName('Duration'), FormatDuration(Get('Duration', 'General')));

				AddCheck('Comment', 'General');

				LineAddHeader(GetName('Audio'));

				sFmt := Get('Format','Audio');
				sFex := Get('Format_Profile','Audio');
				if sFex <> '' then sFmt := sFmt + ' (' + sFex + ')';

				LineAddText(GetName('Format','Audio'),  sFmt);
				LineAddText(GetName('BitRate_Mode'), GetLang(Get('BitRate_Mode/String', 'Audio')));

				nBR:=Get('BitRate', 'Audio');
				if nBR <> '' then LineAddText(GetName('Bitrate'), FormatAudioBitrate(nBR));
				nBR:=Get('BitRate_Minimum', 'Audio');
				if nBR <> '' then LineAddText(GetName('Bitrate'), FormatAudioBitrate(nBR));

				AddCheck('SamplingRate', 'Audio');

				LineAddText(GetName('Channel(s)'), FormatChannels(Get('Channel(s)', 'Audio')));
				LineAddText(GetName('Compression_Mode'), GetLang(Get('Compression_Mode', 'Audio')));

				AddCheck('Encoded_Library', 'Audio');
				AddCheck('Encoded_Library_Settings', 'Audio');
				AddCheck('Format_Settings', 'Audio');

				procedure AddCheck(Field, Context);
				begin
					R:=Get(Field, Context);
					if R = '' then Exit;
					LineAddField(Field, Context);
				end;
			]]>
			</view>
			<view name="Video (compact)" extensions="AVI,DIVX,MPG,MPEG,MPE,DAT,ASF,VOB,MKV,OGM,M2TS,TS,MTS,MOV,WMV,MP4,M4V,AVC,FLV,D2V">
			<![CDATA[
				uses 'Common';

				if Get('Cover') <> '' then LineAddCover('', 5, 5);

				LineAddHeader(GetName('General'));
				AddCheck('Performer', 'General');
				AddCheck('Album', 'General');
				AddCheck('Title', 'General');
				AddCheck('Track', 'General');
				AddCheck('Genre', 'General');
				AddCheck('Recorded_Date', 'General');

				LineAddText(GetName('Duration'), FormatDuration(Get('Duration', 'General')));

				if GetCount('Video') > 0 then
				begin
					LineAddHeader(GetName('Video'));
					for i:=0 to GetCount('Video')-1 do
					begin
						sName:='['+String(i)+'] ';
						sTitle := Get('Title', 'Video', i);
						if sTitle <> '' then
							sName:=sName+sTitle
						else
							sName:=sName+'<'+GetLang('Unnamed')+'>';

						sLang := Get('Language/String', 'Video', i);
						if sLang = '' then sLang := 'Unknown';
						stream := '['+sLang+'] ';

						sBR := Get('BitRate', 'Video', i);
						stream:=stream + '(' +
						Get('Format', 'Video', i) + ':' +
						Get('Format_Profile', 'Video', i) + ', ' +
						FormatBitrate(sBR) + ', ' +
						Get('Width', 'Video', i) + 'x' + Get('Height', 'Video', i) + ' ' +
						GetB('DisplayAspectRatio/String', 'Video', i) +
						GetC('FrameRate/String', 'Video', i);
						// strip last comma and close bracket
						stream:=StrMid(stream, 1, StrLen(stream)-2) + ')';
						LineAddText(sName, stream);
					end;
				end;

				if GetCount('Audio') > 0 then
				begin
					LineAddHeader(GetName('Audio'));
					for i:=0 to GetCount('Audio')-1 do
					begin
						sName:='['+String(i)+'] ';
						sTitle := Get('Title', 'Audio', i);
						if sTitle <> '' then
							sName:=sName+sTitle
						else
							sName:=sName+'<'+GetLang('Unnamed')+'>';

						sLang := Get('Language/String', 'Audio', i);
						if sLang = '' then sLang := 'Unknown';

						stream:='['+sLang+'] ';
						stream:=stream+'('+GetC('Format', 'Audio', i);
						sSR := Get('SamplingRate', 'Audio', i);
						if sSR <> '' then stream:=stream + String(sSR) + ' ' + GetUnit('SamplingRate', 'Audio') + ', ';
						sCN := Get('Channel(s)', 'Audio', i);
						if sCN <> '' then stream:=stream + FormatChannels(sCN) + ', ';
						sBR := Get('BitRate', 'Audio', i);
						stream:=stream + FormatAudioBitrate(sBR) + ')';
						if Get('Default', 'Audio', i) = 'Yes' then stream := stream + ' [' + GetLang('Default') + ']';
						LineAddText(sName, stream);
					end;
				end;

				if GetCount('Text') > 0 then
				begin
					LineAddHeader(GetLang('Subtitles'));
					for i:=0 to GetCount('Text')-1 do
					begin
						sName:='['+String(i)+'] ';
						sTitle := Get('Title', 'Text', i);
						if sTitle <> '' then
							sName:=sName+sTitle
						else
							sName:=sName+'<'+GetLang('Unnamed')+'>';

						sLang := Get('Language/String', 'Text', i);
						if sLang = '' then sLang := 'Unknown';
						stream := '['+sLang+']';

						stream:=stream +', '+ Get('Format', 'Text', i);
						if Get('Default', 'Text', i) = 'Yes' then stream := stream + ' [' + GetLang('Default') + ']';
						LineAddText(sName, stream);
					end;
				end;

				if GetCount('Menu') > 0 then
				begin
					for i:=0 to GetCount('Menu')-1 do
					begin
						nBegin:=Get('Chapters_Pos_Begin', 'Menu', i);
						if nBegin <> '' then // stream is chapters
						begin
							nEnd := Get('Chapters_Pos_End', 'Menu', i);
							LineAddHeader(GetLang('Chapters'));
							for j := nBegin to nEnd - 1 do
							begin
								chap:=StrTrim(Get(j, 'Menu', i));
								nPos := StrPos(chap, ':');
								if nPos > 0 then
								begin
									lng:=StrLeft(chap, nPos-1);
									if not StrIsNumber(lng) then
									begin
										lng:='['+lng+']';
										chap:=lng + StrMid(chap, nPos + 1);
									end;
								end;
								LineAddText(GetID(j, 'Menu', i), chap);
							end;
						end
						else
						begin
							LineAddHeader(GetName('Menu'));
							sName:='['+String(i)+'] ';
							sTitle := Get('Title', 'Menu', i);
							if sTitle <> '' then
								sName:=sName+sTitle
							else
								sName:=sName+'<'+GetLang('Unnamed')+'>';

							sLang := Get('Language/String', 'Menu', i);
							if sLang = '' then sLang := 'Unknown';
							stream := '['+sLang+']';

							stream:=stream +', '+ Get('Format', 'Menu', i);
							LineAddText(sTitle, stream);
						end;
					end;
				end;

				// add line if value is not empty
				procedure AddCheck(Field, Context);
				begin
					R:=Get(Field, Context);
					if R = '' then Exit;
					LineAddField(Field, Context);
				end;

				// return value + comma in case value exists
				function GetC(Field, Context, Stream);
				begin
					Result:=Get(Field, Context, Stream);
					if Result = '' then Exit;
					Result:=Result+', ';
				end;
				// return value + brackets in case value exists
				function GetB(Field, Context, Stream);
				begin
					Result:=Get(Field, Context, Stream);
					if Result = '' then Exit;
					Result:='('+Result+'), ';
				end;
			]]>
			</view>
			<view name="Full">
			<![CDATA[
				uses 'Common';
				FixCodepage('Title', 'Performer', 'Album', 'Track');
				if Get('Cover') <> '' then LineAddCover('', 5, 5);

				Fill('General');
				Fill('Video');
				Fill('Audio');
				Fill('Text');
				Fill('Other');
				Fill('Image');
				Fill('Menu');

				procedure Fill(C);
				begin
					cnt:=GetCount(C);
					if cnt=0 then Exit;
					for i:=0 to cnt-1 do
					begin
						hdr:=GetLang(C);
						if cnt > 1 then hdr:=hdr + ' #' + String(i);
						LineAddHeader(hdr);
						for j:=0 to GetCount(C, i) - 1 do
						begin
							F:=GetID(j, C, i);
							if StrPos(F, '/') > 0 then Continue;
							if F = 'Inform' then Continue;
							// skip Cover_Data, since it binary data
							if F = 'Cover_Data' then Continue;
							R:=Get(j, C, i);
							if R = '' then Continue;

							case F of
								'Duration':
									R:=TimingFormat('%hh:%mm:%ss', R);
								'BitRate','BitRate_Minimum','OverallBitRate':
									if (C = 'Audio') then
										R:=FormatAudioBitrate(R)
									else
										R:=FormatBitrate(R);
								else
								begin
									U:=GetUnit(j, C, i);
									if U <> '' then R:=R+' '+U;
								end;
							end;

			  			    LineAddText(GetFieldName(F, C), R);
						end;
					end;
				end;

				function GetFieldName(id,context);
				begin
					Result:=GetName(id, context);
					if (Result = '') then Result:=id;
				end;
			]]>
			</view>
			<view name=""/>
			<view name="Raw info">
			<![CDATA[
				DisplayOption('Header2LeftMargin', 10);
				DisplayOption('Header2BackColor', '$DCDCDC');
				DisplayOption('FieldLeftMargin', 15);

				Fill('General');
				Fill('Video');
				Fill('Audio');
				Fill('Text');
				Fill('Other');
				Fill('Image');
				Fill('Menu');

				procedure Fill(C);
				begin
					cnt:=GetCount(C);
					if cnt=0 then Exit;
					LineAddHeader(GetLang(C));
					for i:=0 to cnt-1 do
					begin
						LineAddHeader(GetLang('Stream') + ' #' + String(i), 2);
						for j:=0 to GetCount(C, i) - 1 do
						begin
							F:=GetID(j, C, i);
							if F = 'Inform' then Continue;
							R:=Get(j, C, i);
			  			    LineAddText(F, R);
						end;
					end;
				end;
			]]>
			</view>
			<view name="Translation of units">
			<![CDATA[
				DisplayOption('Header2LeftMargin', 10);
				DisplayOption('Header2BackColor', '$DCDCDC');
				DisplayOption('FieldLeftMargin', 15);

				Fill('General');
				Fill('Video');
				Fill('Audio');
				Fill('Text');
				Fill('Other');
				Fill('Image');
				Fill('Menu');

				procedure Fill(C);
				begin
					LineAddHeader(GetLang(C));
					for i:=0 to GetCount(C)-1 do
					begin
						LineAddHeader(GetLang('Stream') + ' #' + String(i), 2);
						for j:=0 to GetCount(C, i) - 1 do
						begin
							F:=GetID(j, C, i);
							if F = 'Inform' then Continue;
							R:=GetUnit(F, C, i);
			  			    LineAddText(F, R);
						end;
					end;
				end;
			]]>
			</view>
			<view name="Translation of fields">
			<![CDATA[
				DisplayOption('Header2LeftMargin', 10);
				DisplayOption('Header2BackColor', '$DCDCDC');
				DisplayOption('FieldLeftMargin', 15);

				Fill('General');
				Fill('Video');
				Fill('Audio');
				Fill('Text');
				Fill('Other');
				Fill('Image');
				Fill('Menu');

				procedure Fill(C);
				begin
					LineAddHeader(GetLang(C));
					for i:=0 to GetCount(C)-1 do
					begin
						LineAddHeader(GetLang('Stream') + ' #' + String(i), 2);
						for j:=0 to GetCount(C, i) - 1 do
						begin
							F:=GetID(j, C, i);
							if F = 'Inform' then Continue;
							If StrPos(F, '/') then Continue;
							R:=GetUnit(F, C, i);
			  			    LineAddText(F, GetLang(F, ''));
						end;
					end;
				end;
			]]>
			</view>
		</views>
    </listeroptions>
	<funclibs>
		<funclib name="Common">
		<![CDATA[
			// automatically format size
			function FormatSize(nSize);
			begin
				Result:='';
				// Theck this, 	StrIsNumber don't work
				If not StrIsNumber(nSize) then Exit;
				nSize := Number(nSize);
				if nSize > 1073741824 then
					Result:=Format('%.1f', nSize / 1073741824) +' '+ GetLang('GiB')
				else if nSize > 1048576 then
					Result:=Format('%.1f', nSize / 1048576) +' '+ GetLang('MiB')
				else if nSize > 1000 then
					Result:=String(Round(nSize / 1024)) + ' ' + GetLang('KiB')
				else
					Result:=String(nSize);
				Result:=StrReplace(Result, ',', '.');
			end;

			// automatically format bitrate (Video)
			function FormatBitrate(nBitrate);
			begin
				Result:='';
				If not StrIsNumber(nBitrate) then Exit;
				nBitrate := Number(nBitrate);
				if nBitrate > 1000000 then
					Result:=Format('%.1f', nBitrate / 1000000) +' '+ GetLang('Mb/s')
				else if nBitrate > 1000 then
					Result:=String(Round(nBitrate / 1000)) + ' ' + GetLang('Kb/s')
				else
					Result:=String(nBitrate) + ' ' + GetLang('b/s');
				Result:=StrReplace(Result, ',', '.');
			end;

			function FormatMultiBitrate(sBitrate);
			begin
				Result:='';	line:=''; start:=1; endpos:=1;
				while endpos > 0 do
				begin
					endpos:=StrPos(sBitrate, '/', 0, start);
					if endpos > 0 then
					begin
						line:=StrTrim(StrMid(sBitrate, start, endpos-start-1)));
						start:=endpos+1;
					end
					else
					begin
						line:=StrTrim(StrMid(sBitrate, start));
					end;

					if StrIsNumber(line) then
						Result:=Result+FormatAudioBitrate(Number(line))+ ' / '
					else
						Result:=Result+GetLang(line)+' / ';
				end;
				Result:=StrLeft(Result, StrLen(Result)-3);
			end;

			// format bitrate in Kbp/s (Audio)
			function FormatAudioBitrate(nBitrate);
			begin
				Result:='';
				If not StrIsNumber(nBitrate) then
				begin
					// some DTS-HD files output "Bitrate" as set of bitrates
					Result:=FormatMultiBitrate(nBitrate);
					Exit;
				end;
				nBitrate := Number(nBitrate);
				Result:=String(Round(nBitrate / 1000)) + ' ' + GetLang('Kb/s');
				Result:=StrReplace(Result, ',', '.');
			end;

			// automatically format duration
			function FormatDuration(nDuration);
			begin
				Result:='';

				If not StrIsNumber(nDuration) then Exit;
				nDuration := Number(nDuration);

				if nDuration > 3600000 then
					Result:=TimingFormat('%hh:%mm:%ss', nDuration)
				else
					Result:=TimingFormat('%mm:%ss', nDuration);
			end;

			// return language string taking declension in account
			function GetLangDecl(num, term);
			begin
				lang:=GetLang();
				case lang of
					'RUS':
					begin
						u:=GetLang(term);
						case num of
							1:    u:=GetLang(term+'_1',u);
							2..4: u:=GetLang(term+'_2',u);
							else  u:=GetLang(term+'_3',u);
						end;
					end;
					else // ENG, ...?
					begin
						u:=GetLang(term);
						case num of
							1:    u:=GetLang(term+'_1',u);
							else  u:=GetLang(term+'_2',u);
						end;
					end;
				end;
				Result:=' '+u;
			end;

			// get channels string
			function FormatChannels(nCN);
			begin
				if StrIsNumber(nCN) then
				  Result:=string(nCN) + GetLangDecl(nCN, 'channel')
				else
				  Result:=string(nCN);
			end;
		]]>
		</funclib>
	</funclibs>
</tcmediainfo>
